{"last_24h": {"avg": 140.08092485549133, "gmi": 6.660735722543352, "tir": 87.86127167630057}, "prev_24h": {"avg": 129.31294964028777, "gmi": 6.403165755395683, "tir": 96.40287769784173}, "last_14d_gmi": 6.770907506750675, "trend": "Declining (Lower TIR) \ud83d\udcc9", "spikes": [], "lows": []}
